<?xml version="1.0" encoding="UTF-8" ?>


<databaseChangeLog xmlns="http://www.liquibase.org/xml/ns/dbchangelog"
                   xmlns:xsi="http://www.w3.org/2001/XMLSchema-instance"
                   xsi:schemaLocation="http://www.liquibase.org/xml/ns/dbchangelog
         http://www.liquibase.org/xml/ns/dbchangelog/dbchangelog-3.1.xsd">

    <changeSet id="addWines" author="konriz">
        <createTable tableName="wines">
            <column name="name" type="varchar(50)">
                <constraints nullable="false"/>
            </column>
            
            <column name="colour" type="varchar(20)"></column>
            
            <column name="sweetness" type="varchar(30)"></column>

            <column name="tasted" type="boolean"></column>

        </createTable>
    </changeSet>

</databaseChangeLog>